﻿Designator,Footprint,Quantity,Value,LCSC Part #
"C1_2, C9",0603,2,10uF,TMK212BBJ106KG-T
C1,CP_Radial_D5.0mm_P2.00mm,1,10uF,TMK212BBJ106KG-T
"C10, C3",0603,2,100nF,CL10B104KB8NNND
"C11, C12, C14, C15",0805,4,22u/10V,CL21X226MPYNNWE
"C13, C16, C6, C7",0603,4,100n/50V,
"C19, C20, C21, C22, C23, C24",0603,6,100nF,CL10A475KP8NNNC
"C2_2, C4, C5",1206,3,10u/35V,CL31B106KBHNNNE
C2,CP_Radial_D6.3mm_P2.50mm,1,10u/35V,CL31B106KBHNNNE
C25,0603,1,4.7uF,CL10A475KP8NNNC
C8,0603,1,22p/25V,
D1_2,D_SMA,1,5V,
D1,D_SOD-123,1,5V,
"D2, D3, D7, D8",0805,4,~,
IC1,LQFP-48_7x7mm_P0.5mm,1,STM32G491CET6,
J1,PinSocket_1x02_P2.54mm_Vertical,1,IN,
"J13, J14, J4, J5",Molex_SPOX_5267-04A_1x04_P2.50mm_Vertical,4,Conn_01x04,
"J15, J16",Molex_SPOX_5267-06A_1x06_P2.50mm_Vertical,2,Conn_01x06,
J17,PinHeader_2x08_P2.54mm_Vertical,1,Conn_02x08_Odd_Even,
"J18, J19, J20, J21, J22",Molex_SPOX_5267-03A_1x03_P2.50mm_Vertical,5,Conn_01x03,
"J2_2, J24, J7",CONN-TH_4P-XT30PW-M,3,Conn_01x04,
J2,PinSocket_1x02_P2.54mm_Vertical,1,Conn_01x04,
J9,PinHeader_1x05_P2.54mm_Vertical,1,Conn_01x05,
JP1,PinHeader_1x02_P2.54mm_Vertical,1,Jumper_2_Open,
"JP2, JP3, JP5",SolderJumper-3_P1.3mm_Open_Pad1.0x1.5mm,3,SolderJumper_3_Open,
JP4,SolderJumper-2_P1.3mm_Open_TrianglePad1.0x1.5mm,1,SolderJumper_2_Bridged,
L1_2,L_Radial_D8.7mm_P5.00mm_Fastron_07HCP,1,4u7/5A5,
L1,L_Bourns_SRP7028A_7.3x6.6mm,1,4u7/5A5,
"MOUSE-BITE-2MM-SLOT_6, MOUSE-BITE-2MM-SLOT_5, MOUSE-BITE-2MM-SLOT_4, MOUSE-BITE-2MM-SLOT_3, MOUSE-BITE-2MM-SLOT_2, MOUSE-BITE-2MM-SLOT",mouse-bite-2mm-slot,6,VAL**,
R1,0603,1,100k,WF06P-10K-5%
"R10, R16, R3, R6, R7, R8, R9",0603,7,10k,WF06P-10K-5%
R11,0603,1,100k,
R12,0603,1,22k,
"R13, R14, R21",0603,3,1k,
"R15, R2",0603,2,2k2,AC0603JR-072K2L
"R17, R5",0805,2,120R,SMD0805-120R-1%
R22,0603,1,120,
R4,0603,1,10K,
SW2,SW_PUSH_6mm,1,SW_Push,
"TP1, TP2, TP5, TP6, TP7",TestPoint_Pad_1.0x1.0mm,5,TestPoint,
U1_2,SOIC-14W_7.5x9mm_P1.27mm,1,SN65HVD230,SN65HVD230DG4
"U1, U3",SOIC-8_3.9x4.9mm_P1.27mm,2,SN65HVD230,SN65HVD230DG4
U2,TSOT-23-6_HandSoldering,1,DIO6913,DIO6913TST6
U4,SOT-89-3_Handsoldering,1,L78L33_SOT89,
